corp_code,corp_name,bsns_year,target_label
01494118,노을,2025,0
00417963,바이나믹,2016,0
01088458,극동자동화,2015,0
00532059,그린생명과학,2019,0
00228350,신화인터텍,2018,0
00141413,영화금속,2018,0
00140380,유니온스틸,2017,0
00207436,알에스넷,2016,0
00598587,인터파크,2025,0
00116806,하스코,2023,0
00183215,케이디지엠텍,2016,0
00481454,금호타이어,2024,0
00219097,BGF,2021,0
00238001,블루콤,2015,0
00390365,토비스,2015,0
00863533,삼양엔씨켐,2016,0
00164973,현대해상,2018,0
00869272,서전기전,2018,0
00425254,나우코스,2023,0
00250997,대정화금,2024,0
01138993,원바이오젠,2015,0
01921199,에스테크엠,2023,0
00109824,대림통상,2018,0
00116408,동신건설,2025,0
00787057,휴맥스,2023,0
00186540,코오롱아이넷,2021,0
01367586,제이아이테크,2018,0
00916826,드림씨아이에스,2022,0
01784394,STX그린로지스,2024,0
00124018,부산방직공업,2019,0
00540863,GST,2015,0
00435312,하이스틸,2017,0
01183407,이십일스토어,2021,0
01066030,드림티엔터테인먼트,2020,0
00531014,유진테크,2019,0
00471068,덕산하이메탈,2017,0
00265078,유니텍전자,2018,0
00144650,유신,2020,0
00149655,삼성물산,2016,0
00173698,신일전자,2016,0
00149026,CS홀딩스,2021,0
01167056,샘표식품,2016,0
00162142,동원증권,2020,0
00974927,NEW,2020,0
00261443,NC,2024,0
01217795,엠에프씨,2019,0
00146542,일정실업,2015,0
00267906,베뉴지,2022,0
00461690,세화피앤씨,2023,0
00265342,에이치에스씨홀딩스,2016,0
01601222,씨피시스템,2021,0
01721809,현대그린푸드,2016,0
00269852,폴라리스오피스,2023,0
01954832,유진스팩12호,2019,0
01130849,파라택시스이더리움,2025,0
01357765,큐라티스,2024,0
00244871,케이티프리텔,2020,0
00495633,율촌,2024,0
00103510,인지컨트롤스,2018,0
01702017,유니드비티플러스,2016,0
01063954,수젠텍,2015,0
00302236,태양3C,2025,0
00174305,조인에너지,2018,0
00133511,SG세계물산,2019,0
00311298,오페스,2016,0
00150226,씨앤중공업,2018,0
00297989,오르비텍,2016,0
00534701,세아메카닉스,2021,0
00117337,동양,2019,0
00554468,굿앤리치부동산공경매투자회사2호,2022,0
01671601,카이바이오텍,2025,0
01505469,디비금융제9호기업인수목적,2020,0
00556615,모바일어플라이언스,2017,0
00415628,세진중공업,2020,0
00305668,새론오토모티브,2020,0
00494476,이녹스,2018,0
00983271,NHN,2025,0
00510914,아시아퍼시픽9호선박투자회사,2019,0
00112970,대한방직,2025,0
00535773,엑스씨이,2025,0
00138792,아시아나항공,2016,0
00918222,엘앤케이바이오,2024,0
00441243,형지엘리트,2025,0
00543523,코크렙제7호위탁관리부동산투자회사,2017,0
00165680,호텔신라,2023,0
00351995,지에스이,2018,0
00367604,SM Life Design,2017,0
01059605,디와이파워,2022,0
01108099,현대코퍼레이션홀딩스,2021,0
01910324,교보18호스팩,2019,0
01194689,HD현대마린솔루션,2025,0
00413417,우리손에프앤지,2023,0
00537443,아구스,2018,0
00406046,HD현대마린엔진,2025,0
00247887,아이피에스,2020,0
00990262,피노텍,2015,0
00255044,현대에이치티,2018,0
00174129,제일저축은행,2015,0
00113261,대한광통신,2020,0
00317210,성호전자,2021,0
00529523,동북아11호선박투자회사,2019,0
01234507,매일유업,2016,0
00126478,삼성중공업,2018,0
00175623,ES큐브,2024,0
00161860,한성기업,2020,0
00148540,CJ,2018,0
01136348,나무기술,2025,0
00439053,이룸지엔지,2022,0
00422284,메가스터디,2021,0
00446901,코칩,2025,0
01622331,벨로크,2022,0
00149770,중앙에너비스,2017,0
01631658,대신밸런스제12호기업인수목적,2019,0
00808226,한화에스브이명장제1호기업인수목적,2017,0
00149877,중앙바이오텍,2018,0
00145464,이구산업,2023,0
01309069,타이드,2023,0
01580178,대신밸런스제11호기업인수목적,2019,0
00152631,에이치비이에너지,2024,0
01211232,코윈테크,2021,0
00163673,한진중공업홀딩스,2024,0
01590528,아스테라시스,2021,0
00148443,제일파마홀딩스,2020,0
00120526,롯데쇼핑,2018,0
00103644,비츠로테크,2017,0
00688996,KB금융,2023,0
00195229,미스토홀딩스,2022,0
01186404,디앤씨미디어,2016,0
00177816,대주전자재료,2015,0
00231354,파워넷,2016,0
00560991,맥스브로,2017,0
00161781,아난티,2025,0
00372013,케너텍,2017,0
00101947,브이오산업,2025,0
01406265,와이랩,2021,0
01025644,강스템바이오텍,2024,0
00244455,케이티앤지,2016,0
01114586,셀레믹스,2021,0
01196313,유에스티,2021,0
00647883,하나유비에스암바토비니켈해외자원개발1호,2024,0
00351092,삼보모터스,2022,0
01135640,이삭엔지니어링,2023,0
01765265,동국제강,2019,0
00442631,태양기계,2023,0
01760738,OCI,2015,0
00267809,위더스기술금융,2025,0
00535746,컴투스홀딩스,2016,0
00269241,주연테크,2025,0
01261644,레인보우로보틱스,2023,0
00164876,케이비증권,2019,0
00128980,삼호개발,2025,0
01626391,오가노이드사이언스,2020,0
01632851,아이비케이에스제19호기업인수목적,2016,0
00399694,SOOP,2019,0
01111765,에스엠로보틱스,2021,0
01391103,젝시믹스,2017,0
01510489,프레스티지바이오파마,2022,0
00137997,현대차증권,2015,0
00398792,SNT모티브,2019,0
00334493,씨티앤티,2023,0
00185046,SM C&C,2017,0
00231044,우리기술,2023,0
00102681,고려개발,2016,0
00408585,나이스메탈,2025,0
00129642,상신브레이크,2019,0
01383229,저스템,2025,0
00259916,그로웰텔레콤,2023,0
00484682,엘오티베큠,2024,0
00407975,엔터미디어,2018,0
00140566,한탑,2017,0
00505541,아시아퍼시픽2호선박투자회사,2020,0
00158024,KBI메탈,2017,0
00252375,나노하이텍,2023,0
00132868,우성머티리얼스,2023,0
01238169,오리온,2015,0
00857480,사람인,2024,0
00154718,비츠로셀,2020,0
01157846,바이오포트,2022,0
01302853,아이씨에이치,2015,0
00193328,수산인더스트리,2016,0
00204323,키스트론,2020,0
01038693,드림시큐리티,2019,0
00122472,PKC,2018,0
00641171,인지소프트,2015,0
00411385,유비쿼스홀딩스,2018,0
00533924,이브이첨단소재,2024,0
00318316,대아티아이,2016,0
01958111,메리츠제1호스팩,2016,0
00540304,네이쳐글로벌,2022,0
01685251,컨텍,2016,0
00533678,아시아퍼시픽15호선박투자회사,2023,0
00114303,엘지데이콤,2017,0
01335930,티움바이오,2017,0
01722437,한화갤러리아,2025,0
01385050,넥스트바이오메디컬,2022,0
00694003,중국식품포장유한공사,2023,0
00201742,유라테크,2017,0
00219440,휴맥스홀딩스,2019,0
01506848,비스토스,2023,0
01524507,핀텔,2024,0
01050738,솔트룩스,2021,0
00137058,신일제약,2018,0
00593519,동북아31호선박투자회사,2023,0
00351375,뉴보텍,2018,0
00359030,닉스테크,2019,0
01082418,SAMG엔터,2021,0
00271501,코아시아,2025,0
00326731,바이오니아,2025,0
01204056,하이브,2020,0
00533508,제이엠티,2022,0
00406222,쎄크,2023,0
00164502,현대공업,2022,0
00138376,쎄라텍,2016,0
00130949,카카오엠,2018,0
01109955,링크제니시스,2018,0
00120021,LG,2016,0
00982023,실리콘투,2020,0
00406392,엔에스쇼핑,2015,0
00192499,팜스토리,2024,0
00197324,팬텀엔터테인먼트그룹,2023,0
00654272,램테크놀러지,2018,0
00265157,바이오시스,2024,0
00447928,네오티스,2018,0
00253514,한신코퍼레이션,2015,0
00148993,하이트진로홀딩스,2016,0
00347062,현대바이오랜드,2025,0
00270405,윌텍정보통신,2015,0
00994994,나노,2018,0
00397289,오텍,2016,0
00939942,포시에스,2015,0
00353762,키이스트,2020,0
00245296,폴리플러스,2016,0
01590980,심플랫폼,2023,0
00185301,제이피아이헬스케어,2018,0
00459871,농심홀딩스,2019,0
00144395,동서,2025,0
00252269,아이에이,2022,0
00194372,후야인포넷,2018,0
00102760,두산건설,2023,0
01138595,뱅크웨어글로벌,2017,0
01678312,아이빔테크놀로지,2024,0
00163044,한일약품공업,2024,0
00502474,동북아2호선박투자회사,2022,0
00130383,서부T&D,2018,0
00269339,인네트,2022,0
00264857,아라온테크,2021,0
01658266,하나금융24호기업인수목적,2018,0
00353683,코스모스피엘씨,2016,0
00164609,에이치디현대미포,2016,0
00337296,원포유,2025,0
00117577,오리온홀딩스,2021,0
00129013,CJ씨푸드,2020,0
00208693,나리지*온,2021,0
01708163,엔알비,2021,0
01139965,스튜디오미르,2022,0
00134060,씨앤상선,2015,0
00125743,현대비앤지스틸,2025,0
00240398,무한투자,2025,0
00415868,펩트론,2025,0
00265218,케이엔에스홀딩스,2016,0
01208751,아이에스티이,2015,0
01015160,PS일렉트로닉스,2021,0
00151605,THE CUBE&,2020,0
00533580,아시아퍼시픽10호선박투자회사,2016,0
00134909,소예,2018,0
00164724,현대엘리베이터,2018,0
01060735,로지스몬,2018,0
01535257,엔에이치기업인수목적19호,2023,0
00109310,대동기어,2022,0
00668965,지오엘리먼트,2017,0
00135670,신광기업,2021,0
00332927,제이에스코퍼레이션,2017,0
00990396,레드우즈,2019,0
00465410,맥쿼리센트럴오피스기업구조조정부동산투자회사,2022,0
00260383,대한유화,2018,0
00352499,링네트,2016,0
00113508,노루홀딩스,2022,0
00112721,대창스틸,2023,0
01807747,신한제13호스팩,2016,0
01442115,소마젠,2015,0
00411808,제이오,2025,0
01179617,한국비엔씨,2023,0
00450995,대모,2015,0
00675594,디티앤씨,2016,0
00111810,대웅,2018,0
00318477,모디아,2017,0
00133238,성지건설,2021,0
00548865,동북아21호선박투자회사,2022,0
01524118,나노팀,2022,0
00861100,아이케이세미콘,2018,0
01042650,큐리언트,2021,0
00120508,롯데푸드,2015,0
00926522,테고사이언스,2017,0
00828309,동부티에스블랙펄기업인수목적,2021,0
00156910,SBI인베스트먼트,2015,0
00307897,신한카드,2021,0
00105138,파라텍,2019,0
01945339,신영스팩11호,2022,0
00110875,대신정보통신,2019,0
00651017,나우IB,2021,0
00138279,S-Oil,2023,0
00111421,휴니드테크놀러지스,2025,0
01359736,프로이천,2022,0
00263885,포네이처,2017,0
00357935,HDC현대EP,2018,0
01394669,누보,2019,0
01181515,엘앤씨바이오,2018,0
01137295,프리시젼바이오,2015,0
00271413,사라콤,2024,0
00365387,AJ네트웍스,2023,0
01712616,엔에이치기업인수목적29호,2015,0
00161444,한국씨티은행,2020,0
00201450,에스케이렌터카,2015,0
01393721,포커스에이아이,2015,0
00109514,티웨이홀딩스,2024,0
01012066,HK이노엔,2022,0
00155638,피에스텍,2023,0
00350057,하이스마텍,2023,0
00155355,풀무원,2017,0
00164645,HMM,2015,0
00129387,SP삼화,2023,0
00122922,벽산건설,2016,0
01380578,도우인시스,2017,0
00447609,비에이치,2016,0
01657197,바이오비쥬,2024,0
00971726,옵티팜,2016,0
00340096,미래에셋벤처투자,2025,0
01593242,하나금융21호기업인수목적,2018,0
00167378,희훈디앤지,2021,0
00113207,대한전선,2016,0
00504357,동북아6호선박투자회사,2024,0
01153293,제이엘케이,2018,0
00459589,코크렙제3호CR리츠,2024,0
00352064,프리엠스,2024,0
01032404,콜마비앤에이치,2015,0
01013311,헥토이노베이션,2024,0
00693800,에프지엔개발전문자기관리부동산투자회사,2016,0
00405320,웹젠,2021,0
01786958,큐리오시스,2025,0
00267720,신한SIT,2024,0
01051065,엔비티,2024,0
01815764,이베스트스팩6호,2023,0
00108940,대성홀딩스,2020,0
00637114,코리아퍼시픽07호선박투자회사,2019,0
01514227,씨어스,2018,0
00216027,바이넥스,2025,0
00870861,와이엠씨,2020,0
00237260,헤쎄나,2018,0
00125929,에스컴,2019,0
00247902,넷컴스토리지,2021,0
00124577,엠소닉,2017,0
00540021,모빌탑,2025,0
00158963,유나이티드,2025,0
01676989,케이비제23호기업인수목적,2019,0
00122348,방림,2022,0
00122436,배명금속,2020,0
01409022,페니트리움바이오,2016,0
00141583,삼양컴텍,2015,0
00961136,씨티네트웍스,2022,0
00587457,갤럭시아머니트리,2024,0
00105767,LG마이크론,2024,0
00203315,콘텐트리중앙,2016,0
00104768,가온전선,2016,0
00830377,성융광전투자유한공사,2023,0
00664048,우리넷,2018,0
00152880,코오롱글로벌,2023,0
00105299,금강공업,2019,0
00156442,한국가구,2017,0
00317681,메타바이오메드,2020,0
00105509,금강화섬,2016,0
01210677,씨케이솔루션,2018,0
01407158,이노테나,2020,0
00247762,맥시스템,2019,0
00267997,에스티앤아이,2017,0
00204262,한글과컴퓨터,2022,0
01817920,페스카로,2023,0
00390514,이루온,2019,0
00143262,우진아이엔에스,2024,0
01516766,아이비젼웍스,2025,0
00959265,디와이엘엔제이,2023,0
00132202,선진뷰티사이언스,2015,0
01016479,오로스테크놀로지,2025,0
00172936,동일산업,2023,0
00255309,써니트렌드,2019,0
00164478,현대건설,2025,0
00367455,현우산업,2016,0
00631518,SK이노베이션,2017,0
00139153,에코플라스틱,2019,0
01859500,아이엠바이오로직스,2016,0
00206659,이랜텍,2016,0
00600013,맵스리얼티,2023,0
00113492,깨끗한나라,2017,0
01116344,이비테크,2019,0
00106119,금양,2019,0
00257529,이루넷,2024,0
01027794,브이원텍,2018,0
00336570,사이버패스,2020,0
01284751,시지트로닉스,2018,0
00301422,스모트로닉,2025,0
00140919,엘트온,2025,0
00155151,피에이치에이,2019,0
01112889,피엔에이치테크,2023,0
00831428,옵투스제약,2022,0
00123152,보루네오가구,2019,0
00346966,에코솔루션,2015,0
00173254,한마음상호저축은행,2016,0
00128412,삼진제약,2025,0
01686427,에스오에스랩,2021,0
00583442,노루페인트,2019,0
00101257,경남기업,2015,0
01053540,퓨쳐켐,2015,0
01693922,지슨,2020,0
01190513,명진홀딩스,2017,0
00160375,진양폴리우레탄,2025,0
00116356,동성화학,2019,0
00362238,휴비스,2017,0
00236368,엠엔에프씨,2022,0
00132637,동원시스템즈,2023,0
01432598,지씨지놈,2021,0
00145260,율촌화학,2023,0
00132211,SUN&L,2015,0
00174475,현대금속,2016,0
00617314,타이거일렉,2016,0
01462739,비아이매트릭스,2017,0
01857991,디비금융제13호스팩,2023,0
00615723,알엔티엑스,2015,0
01011872,엔에스엠,2020,0
00677486,그린광학,2024,0
00366164,아이티센네트웍스,2023,0
00164195,에이원마이크로,2017,0
00458915,유레스메리츠제1호,2021,0
00359623,우리산업홀딩스,2017,0
01586455,꿈비,2015,0
00102858,고려아연,2019,0
00408266,유니온바이오메트릭스,2020,0
00124027,부산산업,2015,0
00371740,디티씨,2020,0
00625942,한솔아이원스,2018,0
00642541,제이에스링크,2025,0
00728638,한세실업,2018,0
00992543,LK삼양,2025,0
00652423,인바이오젠,2016,0
01018167,캐로스,2020,0
01161432,레이저옵텍,2023,0
01211889,이지스,2021,0
00136217,한메엔에스,2024,0
00122825,프리티,2017,0
00706715,미원홀딩스,2018,0
01493535,모비데이즈,2017,0
01109690,도부,2017,0
00130879,서울식품공업,2021,0
01596656,메쎄이상,2015,0
00314888,디에스,2017,0
00260985,한빛네트,2020,0
00162911,한일사료,2021,0
01309421,제이엔비,2025,0
00476498,컴투스,2018,0
00172291,더존비즈온,2019,0
00121570,문배철강,2017,0
01307593,에이아이코리아,2016,0
00130763,서울반도체,2021,0
00131054,유진증권,2015,0
00104467,국민은행,2022,0
00842585,네이블,2018,0
00176914,다우기술,2018,0
00361008,한화엔진,2022,0
00619020,세종머티리얼즈,2020,0
00269773,대양글로벌,2019,0
00103015,고려제약,2018,0
00980043,비큐AI,2018,0
00130037,휴닉스,2015,0
00361035,미리넷,2025,0
01497869,티와이홀딩스,2018,0
00508274,일진다이아,2021,0
00148948,조비,2020,0
00261461,트라이콤,2019,0
01437292,미래에셋맵스리츠,2016,0
00101442,카라반케이디이,2019,0
00357740,NHN KCP,2020,0
00634959,한국월드와이드아시아태평양특별자산1호투자회사,2025,0
00121729,롯데미도파,2023,0
01385005,리브스메드,2021,0
01310773,엔시스,2025,0
00468374,원익QnC,2023,0
00261355,레드캡투어,2020,0
00810531,자원메디칼,2015,0
00535719,프렉코,2016,0
01116265,카티스,2019,0
00128759,캠브리지코오롱,2017,0
00721981,삼성디지털이미징,2024,0
00407036,선바이오,2019,0
01376715,디앤디파마텍,2015,0
00101992,센추리,2016,0
01504910,유안타제8호기업인수목적,2024,0
00113544,대한화섬,2021,0
00844884,중국고섬공고유한공사,2020,0
00604268,에이프로,2020,0
00118284,동일금속,2021,0
00130815,서울상호저축은행,2024,0
00129615,상보,2023,0
01203376,유비쿼스,2016,0
00915508,알엔투테크놀로지,2021,0
00519252,THE E&M,2024,0
01747977,엘케이켐,2018,0
00109453,케이조선,2019,0
00166175,대호특수강,2015,0
00253985,국보디자인,2021,0
00190321,케이티,2015,0
00264103,에이엠에스,2023,0
00220446,예일바이오텍,2023,0
00125488,삼륭물산,2025,0
00110079,대백쇼핑,2025,0
00311030,미래에셋증권,2018,0
00258421,기산텔레콤,2020,0
01169267,세화피앤씨,2021,0
00665630,테라텍,2016,0
00144933,유진종합개발,2025,0
00256955,테이팩스,2020,0
00154417,퍼시픽글라스,2024,0
00264635,에스넷,2020,0
00219361,해성산업,2025,0
00370918,케이디켐,2016,0
00521390,뉴파워프라즈마,2019,0
00121154,엠에스씨,2023,0
01487446,씨엔알리서치,2019,0
00138695,뉴아세아,2025,0
01810477,노타,2021,0
00102645,글로스텍,2020,0
01245062,코오롱티슈진,2021,0
00945776,지슨,2019,0
01455492,데이원컴퍼니,2023,0
01381984,SKAI,2017,0
01949140,교보19호스팩,2018,0
00364467,드림어스컴퍼니,2021,0
01770203,조선내화,2025,0
00199988,SY동아,2021,0
00187725,코콤,2025,0
00152862,코오롱,2017,0
00252658,코리언일랙트로닉스파워소스,2024,0
01902990,KB제32호스팩,2024,0
00118275,디아이,2019,0
01316227,효성티앤씨,2021,0
00166272,화승코퍼레이션,2023,0
00970277,스탠다드펌,2015,0
00544452,이리츠코크렙,2019,0
00147082,재영솔루텍,2019,0
00937324,한국타이어앤테크놀로지,2018,0
00249894,테라젠이텍스,2021,0
00128926,삼현철강,2024,0
00162993,한일홀딩스,2024,0
01014055,에스트래픽,2025,0
01497373,아이엠비디엑스,2020,0
00216647,원익홀딩스,2022,0
01207716,앱코,2022,0
00102140,경인전자,2022,0
00565215,아이티센코어,2025,0
01067516,골프존,2018,0
00104388,국도화학,2023,0
00505170,동북아3호선박투자회사,2022,0
00369833,유니온머티리얼,2017,0
00991012,판타지오,2025,0
00866062,엘티씨,2016,0
00925374,윤성에프앤씨,2019,0
00135111,수산세보틱스,2023,0
00125150,SGC에너지,2025,0
00659161,싸이맥스,2025,0
01535150,SK리츠,2024,0
00242712,엘컴텍,2020,0
00537832,푸른로보틱스,2016,0
00108490,엔피케이,2018,0
00231664,우리기술투자,2025,0
00105873,LG디스플레이,2019,0
00577335,대성하이텍,2018,0
01412938,베른,2018,0
00129989,코스모신소재,2017,0
01165739,잉글우드랩,2015,0
00154204,태창기업,2015,0
01030503,우진엔텍,2018,0
01445440,위츠,2022,0
00133876,세보엠이씨,2024,0
01814589,디비금융스팩12호,2016,0
00126937,삼양홀딩스,2022,0
00962223,지니언스,2021,0
00134051,셀런,2025,0
00475976,인콘,2024,0
00585538,에스에너지,2018,0
00113234,대한제당,2021,0
00138367,플레이위드,2022,0
00185356,제룡전기,2021,0
00353735,다휘,2018,0
00125646,삼목에스폼,2017,0
00862853,플레이디,2025,0
00124106,부산은행,2015,0
00357430,쎌바이오텍,2016,0
00244330,현주컴퓨터,2021,0
00103325,고제,2018,0
00635134,CJ제일제당,2017,0
00112165,디아이씨,2023,0
00123541,보해양조,2022,0
00145914,인터엠,2015,0
01259232,노바텍,2023,0
00527464,에이치시티,2018,0
00539274,대상홀딩스,2016,0
00608440,티앤엘,2022,0
00298377,아이씨디,2017,0
00991298,씨이랩,2022,0
01018954,제이에스피브이,2025,0
00522007,크리스에프앤씨,2023,0
01705777,엔에이치기업인수목적28호,2023,0
00560982,바이오솔루션,2024,0
00653990,유니드코리아,2020,0
00267094,헤파호프코리아,2022,0
01036446,서연이화,2024,0
00110981,대아리드선,2023,0
00145109,유한양행,2021,0
00545114,랩지노믹스,2023,0
00330424,LS증권,2022,0
00645089,NHN벅스,2017,0
00657002,에이디테크놀로지,2022,0
01381805,아로마티카,2022,0
00804983,히든챔피언제1호기업인수목적,2019,0
01150515,대명에너지,2018,0
00405506,삼영에스앤씨,2025,0
01567520,대신밸런스제10호기업인수목적,2019,0
00142698,휴리프,2023,0
00103042,케이씨티시,2022,0
01388631,오션스톤,2025,0
00153861,태영건설,2018,0
00544577,브이엠,2019,0
00124513,부흥,2022,0
00109781,대림제지,2016,0
00530796,미성포리테크,2019,0
00626464,지엔씨에너지,2018,0
00631837,안트로젠,2019,0
00423609,LG생명과학,2020,0
00209780,케이씨,2020,0
00479787,인텍플러스,2023,0
00108135,녹십자홀딩스,2016,0
00182696,대한조선,2017,0
00142564,우방,2017,0
00124090,한국특강,2018,0
01436558,신한서부티엔디리츠,2021,0
00304401,텔라움,2017,0
00207542,팬택자산관리,2018,0
00404288,아진엑스텍,2016,0
01686755,파인엠텍,2021,0
00263140,휴스토리,2021,0
01364297,코퍼스코리아,2020,0
00153126,크라운해태홀딩스,2023,0
00105606,금호에이치티,2022,0
00156734,한국고덴시,2021,0
00512550,아시아퍼시픽5호선박투자회사,2015,0
00132105,삼양제넥스,2018,0
00408336,인산가,2021,0
01731453,디비금융제11호기업인수목적,2021,0
01413371,에이치엘비사이언스,2024,0
01186671,바이오시네틱스,2015,0
01090921,케이엠제약,2024,0
00405278,KG파이낸셜,2021,0
00115694,DB증권,2022,0
00133715,대주코레스,2015,0
00260879,카페24,2020,0
00862312,포스뱅크,2019,0
00207755,지에스홈쇼핑,2021,0
01203507,에스엠비나,2021,0
01319899,SK바이오사이언스,2023,0
00261212,시노펙스그린테크,2023,0
00131328,두함지개발,2024,0
00118521,진원생명과학,2018,0
00138701,아세아,2022,0
00490151,파트론,2018,0
00673301,전우정밀,2019,0
00163619,한진피앤씨,2021,0
00303396,한국컴퓨터,2022,0
00816544,토니모리,2015,0
00159209,한전기술,2021,0
00108047,세원화성,2020,0
01032583,강동씨앤엘,2025,0
01467503,뉴키즈온,2025,0
01210190,모비릭스,2021,0
00159290,한국아트라스비엑스,2017,0
01798980,유안타제15호스팩,2022,0
01168383,일동제약,2017,0
00580199,메디톡스,2024,0
00327396,옵트론텍,2023,0
01116274,엠앤씨생명과학,2015,0
00270113,멕아이씨에스,2021,0
01113277,인프라웨어테크놀러지,2024,0
01028164,광주은행,2024,0
00106881,인디에프,2025,0
00159281,케드콤,2015,0
00262682,아인스엠앤엠,2016,0
01311408,에코프로머티,2025,0
01507810,애니메디솔루션,2021,0
01397772,큐라클,2017,0
00229030,알멕,2022,0
00142661,우성,2017,0
00133335,성창기업지주,2015,0
01641600,에이럭스,2019,0
00149293,신한은행,2021,0
00573579,평화산업,2020,0
00404701,한국자산신탁,2018,0
00273420,이스트소프트,2022,0
01108442,에치에프알,2020,0
00865382,트러스와이제7호위탁관리부동산투자회사,2020,0
00492894,젬백스,2021,0
01293953,싸이버원,2019,0
00404941,한텍,2021,0
00442826,대봉엘에스,2019,0
01027828,퓨릿,2016,0
00234412,신세계인터내셔날,2022,0
00356361,LG화학,2015,0
01109937,티앤알바이오팹,2023,0
00541862,판도라티비,2015,0
00107224,남선알미늄,2020,0
01948220,미래에셋비전스팩11호,2018,0
00876643,캐프,2025,0
01336735,펨토바이오메드,2016,0
00890333,케이비부국제1호개발전문위탁관리부동산투자회사,2025,0
00136226,신성델타테크,2015,0
00390055,종근당바이오,2015,0
00162586,한올바이오파마,2018,0
00159698,지역난방공사,2018,0
01190568,에이피알,2015,0
00608802,텔콘RF제약,2024,0
01180118,코람코더원리츠,2017,0
00133991,세아특수강,2018,0
00890388,지성이씨에스,2017,0
00194947,한전산업,2022,0
00124197,세아제강지주,2025,0
00567222,우림피티에스,2016,0
00159102,DB손해보험,2024,0
00146454,일양약품,2018,0
01326792,비투엔,2022,0
00664853,제이씨케미칼,2019,0
01516890,E8,2020,0
00105271,케이씨씨,2017,0
01214248,뉴트리,2024,0
00807379,신흥에스이씨,2024,0
00298270,안랩,2016,0
00150244,하이트진로,2017,0
00451268,케이이엔지,2019,0
01497124,캡스톤파트너스,2016,0
00190756,와이엔텍,2024,0
01397620,루닛,2015,0
00368791,모델라인,2019,0
00331760,테스텍,2024,0
00174527,HS화성,2025,0
00150536,진양제약,2021,0
00159500,한국종합기술,2021,0
00298447,아모텍,2018,0
00843900,육일씨엔에쓰,2016,0
00636656,바이오플러스,2024,0
00897752,천보,2025,0
00397252,조이시티,2018,0
00888347,휴젤,2016,0
01695498,이브이파킹서비스,2019,0
01906598,하나35호스팩,2025,0
00867973,서남,2024,0
01174038,자비스,2016,0
00248053,지에스엔텍,2024,0
00824659,아이비케이에스스마트에스엠이기업인수목적1호,2015,0
00264945,나이스정보통신,2020,0
01181940,아이엘사이언스,2023,0
01263022,BGF리테일,2021,0
00122898,벽산,2025,0
00106368,금호석유화학,2020,0
00257194,블루스톤디앤아이,2016,0
00386557,아이스테이션,2023,0
01290132,인터로이드,2025,0
01455410,파인메딕스,2020,0
01441611,원티드랩,2015,0
00164955,현대페인트,2021,0
00997812,코미코,2022,0
00268251,다산네트웍스,2016,0
00352295,인젠,2021,0
00636045,넥솔론,2020,0
00447575,제이앤티씨,2025,0
00130091,샘표,2022,0
00449379,도이치모터스,2017,0
01110058,바이오인프라,2021,0
01755259,피스피스스튜디오,2017,0
00301015,한서제약,2023,0
01800285,비엔케이제2호기업인수목적,2025,0
01319808,한일시멘트,2019,0
00347363,에이치원바이오,2024,0
00147222,전방,2023,0
00415327,중앙백신,2022,0
01627363,세미파이브,2022,0
00125080,AK홀딩스,2021,0
00260639,대흥멀티미디어통신,2024,0
00115852,두산건설,2019,0
00244561,그래디언트,2020,0
00456218,모두투어,2018,0
00126788,삼아제약,2016,0
00183914,우경,2019,0
00547583,하나금융지주,2022,0
00569992,원익테라세미콘,2018,0
00360540,우수씨엔에스,2022,0
01186811,티에스트릴리온,2024,0
00802028,한국투자신성장1호기업인수목적회사,2024,0
00684714,풍산,2025,0
00111874,대원산업,2021,0
00480048,모다이노칩,2020,0
00114321,데코,2015,0
00148188,으뜸상호저축은행,2022,0
01965324,삼성에피스홀딩스,2020,0
00129509,한익스프레스,2017,0
01787355,나라스페이스테크놀로지,2022,0
01584183,퀄리타스반도체,2018,0
00151395,천일고속,2020,0
00447502,바이오톡스텍,2019,0
00188946,훈영,2020,0
00614089,에이원큐브텍,2019,0
00579139,한국맥널티,2024,0
00112059,상상인증권,2019,0
00989619,알테오젠,2023,0
00561723,쏘닉스,2015,0
01354740,브이씨,2023,0
00121507,무림SP,2018,0
00161116,HL D&I,2016,0
00474588,한중엔시에스,2018,0
00442145,아바코,2021,0
00264255,바텍,2022,0
00138491,동부일렉트로닉스,2023,0
00246383,메카포럼,2018,0
00108746,DKME,2022,0
01188730,SK시그넷,2025,0
00469799,이엔플러스,2022,0
00162063,한신공영,2022,0
00263991,모빌링크텔레콤,2015,0
00385363,빅텍,2016,0
01274329,성일하이텍,2019,0
00347619,한국통신데이타,2018,0
00956028,엑세스바이오,2021,0
00271431,케이엠에스,2018,0
00228712,동우팜투테이블,2019,0
00855163,미원화학,2025,0
00355089,토탈소프트,2024,0
00814582,탑런토탈솔루션,2020,0
00159254,한국전자홀딩스,2022,0
00652007,메카로,2023,0
00168401,금비,2023,0
00277985,한강구조조정기금,2020,0
00362159,웰크론,2021,0
00126292,삼성카드,2023,0
00525527,실리콘화일,2020,0
00264796,스톰이앤에프,2020,0
00252588,엠트론스토리지테크놀로지,2022,0
00231707,비트컴퓨터,2019,0
00980122,JB금융지주,2019,0
00339072,팬스타엔터프라이즈,2019,0
00109170,대덕GDS,2018,0
00351153,위다스,2016,0
01021639,나라셀라,2018,0
00159874,한국지주,2020,0
01418260,폭스소프트,2016,0
00442905,디에스엠,2023,0
01070857,켐온,2017,0
00350491,웹솔루스,2018,0
00552859,HLB테라퓨틱스,2018,0
01877126,키움제10호스팩,2022,0
00181299,상아프론테크,2019,0
00512532,아시아퍼시픽7호선박투자회사,2024,0
00550082,캔버스엔,2023,0
00372129,전진건설로봇,2024,0
01032413,해성디에스,2019,0
01124680,보라티알,2016,0
01042359,지엘팜텍,2018,0
00684732,풀무원식품,2019,0
00910840,윈하이텍,2018,0
00454937,덕신이피씨,2020,0
01712485,코오롱모빌리티그룹,2017,0
01257872,에스프리즘,2019,0
01080252,넥스틴,2015,0
00403632,현대퓨처넷,2023,0
01652970,하나금융23호기업인수목적,2017,0
00116073,그린기술투자,2019,0
00156859,다올투자증권,2015,0
01062177,제놀루션,2015,0
00430089,삼보오토,2023,0
00124504,포스코인터내셔널,2019,0
00580667,S&K폴리텍,2017,0
01786514,삼성기업인수목적9호,2025,0
00799070,딥커머스,2022,0
00301246,SFA반도체,2016,0
00760999,상신전자,2015,0
00259536,네스테크,2024,0
00722500,중국원양자원유한공사,2019,0
00670340,씨에스윈드,2022,0
00127936,삼일기업공사,2022,0
01335453,조이웍스앤코,2022,0
01311286,퀀타매트릭스,2020,0
00398668,휴비츠,2017,0
00567897,에스비비테크,2015,0
00200275,YTN,2019,0
01701328,아이비케이에스제22호기업인수목적,2022,0
00365989,모나용평,2016,0
00864338,웹스,2016,0
01067808,넵튠,2021,0
00133812,세방,2022,0
00551920,네오팜,2016,0
01949469,미래에셋비전스팩10호,2024,0
01130885,바이오인프라생명과학,2025,0
00348788,디이시스,2025,0
00360577,엑사이엔씨,2015,0
00105280,현대지에프홀딩스,2017,0
00264802,유일엔시스,2017,0
01437858,진시스템,2024,0
00907660,아루히,2019,0
00350251,모아에스앤에스,2016,0
01798722,SK증권제12호스팩,2018,0
01210066,리파인,2016,0
00341314,엔더블유시,2023,0
01476219,코스텍시스,2021,0
00542074,나노캠텍,2024,0
00150183,AP우주통신,2024,0
00307037,더스텔라,2024,0
01251577,휴네시온,2018,0
00605522,소룩스,2023,0
00363510,제이케이시냅스,2021,0
00113997,롯데에너지머티리얼즈,2022,0
00462121,LIG아큐버,2022,0
00803425,코리아에프티,2019,0
00396925,엠로,2024,0
01949584,IBKS제25호스팩,2021,0
00219486,신세계I&C,2019,0
00141477,영흥,2024,0
01429220,피아이이,2024,0
00104722,국제약품,2015,0
00579980,아이티엠반도체,2024,0
00198378,녹십자셀,2016,0
00139214,삼성화재해상보험,2018,0
00139418,알루코,2025,0
00538497,동북아15호선박투자회사,2018,0
01931585,엔에이치스팩32호,2019,0
00128032,삼일제약,2025,0
00563837,제로투세븐,2016,0
00531865,유니테크노,2017,0
00160621,한국화장품제조,2018,0
01529982,씨엠티엑스,2017,0
00526474,동북아14호선박투자회사,2023,0
00334615,콜마파마,2016,0
00140177,GS리테일,2017,0
00155258,포스코스틸리온,2015,0
01142075,핑거,2021,0
01596665,한국제10호기업인수목적,2022,0
01095722,심텍,2024,0
00120906,에스아이리소스,2022,0
00251482,트라이써클,2019,0
00105183,극동제혁,2015,0
01508855,블리츠웨이엔터테인먼트,2018,0
00529310,동북아10호선박투자회사,2019,0
01229240,가이아코퍼레이션,2019,0
01234297,미원에스씨,2022,0
00349060,한스바이오메드,2016,0
00268482,조이토토,2025,0
01365038,자람테크놀로지,2018,0
01258710,이노메트리,2019,0
00223762,KT지니뮤직,2025,0
00110893,대신증권,2024,0
00659435,정다운,2025,0
00146083,일동홀딩스,2018,0
01284876,인스피언,2021,0
00648697,거북선3호선박투자회사,2016,0
00269889,누리플렉스,2023,0
00104971,그린손해보험,2018,0
00525882,크레버스,2025,0
00218654,엠바이엔,2017,0
00552992,진매트릭스,2019,0
00240088,지앤에스티,2017,0
00143013,우영,2016,0
00188089,한섬,2015,0
00153339,태경산업,2017,0
00607797,엄지하우스,2019,0
00416706,유에이블,2024,0
00874803,AP위성,2024,0
00438036,팅크웨어,2019,0
00555874,제주항공,2022,0
00545929,제넥신,2016,0
01264872,이노뎁,2022,0
00277727,미래에셋굿라이프혼합형자녀를위한펀드5-1,2019,0
01089350,켐트로스,2021,0
00454399,이상네트웍스,2019,0
00173102,모나리자,2023,0
00122579,BYC,2023,0
00239639,삼표시멘트,2022,0
00113243,대한제분,2022,0
00145598,이연제약,2016,0
00239596,쎄니트,2024,0
00261188,글로포스트,2015,0
00152039,SG글로벌,2021,0
00102618,계양전기,2020,0
01309388,LS티라유텍,2024,0
00349811,오션인더블유,2019,0
00350224,슈마일렉트론,2015,0
00252135,주성엔지니어링,2016,0
00463342,폴라리스AI파마,2018,0
00389110,지어소프트,2025,0
01594791,나우로보틱스,2024,0
01108248,지노믹트리,2024,0
00173591,세원물산,2015,0
01077577,우리산업,2025,0
00486705,아주스틸,2019,0
00234227,유진로봇,2024,0
00148744,제일화재해상보험,2015,0
01676642,사피엔반도체,2017,0
01491607,오에스피,2022,0
00120289,제이에스티나,2023,0
00378628,KH바텍,2025,0
01689035,민테크,2022,0
00571298,덕우전자,2019,0
00126885,에스와이코퍼레이션,2017,0
00983916,HLB제넥스,2024,0
00797674,대우증권그린코리아기업인수목적회사,2021,0
00131780,SK네트웍스,2025,0
01315042,시선AI,2022,0
00156691,한국공항,2016,0
01605282,닷밀,2022,0
00394574,티이씨,2020,0
00161408,케이비캐피탈,2021,0
01343665,RF머트리얼즈,2020,0
00150633,지누스,2020,0
00117258,한화갤러리아타임월드,2025,0
00117027,알루코,2016,0
00598198,컴퍼니케이,2017,0
00136925,신원종합개발,2020,0
01208885,경동도시가스,2021,0
00466428,아미노로직스,2022,0
00259855,코아정보시스템,2019,0
00127802,삼익THK,2025,0
00767628,나이벡,2021,0
00921916,석경에이티,2023,0
00907013,한국투자ANKOR유전해외자원개발특별자산투자회사1호(지분증권),2015,0
00409672,티비에이치글로벌,2022,0
00409681,아스트,2016,0
01383779,에스켐,2020,0
01669794,아이엘로보틱스,2019,0
00372882,KTcs,2020,0
00339391,한화시스템,2016,0
00117267,동양생명,2021,0
01128622,이스트에이드,2023,0
01456011,디어유,2015,0
00616290,이엠넷,2025,0
01160363,에코프로비엠,2023,0
00172185,남성,2022,0
00117179,디와이,2021,0
01115044,안지오랩,2015,0
00255071,현대에이치씨엔동작방송,2018,0
00187770,한국파마,2023,0
01343735,데이드림엔터테인먼트,2020,0
01829819,아크릴,2024,0
01358463,현대무벡스,2022,0
00169215,에너토크,2025,0
01453944,벡트,2022,0
00334767,엔하이테크,2015,0
00369657,리노공업,2018,0
00146214,일성아이에스,2019,0
01396931,유엑스엔,2023,0
00611912,아모그린텍,2017,0
00533003,디케이락,2019,0
00823429,한국화장품,2022,0
00157636,케이피에프,2022,0
00911229,라온로보틱스,2016,0
00617998,폴라리스세원,2015,0
00586652,거북선1호선박투자회사,2025,0
00893923,이푸른,2024,0
01206717,마이크로엔엑스,2018,0
00364847,이글루,2017,0
01591606,아이비케이에스제17호기업인수목적,2019,0
01187148,케어랩스,2023,0
00136970,신일건업,2015,0
00547510,툴젠,2023,0
00155373,풍강,2021,0
01702424,미래에셋비전기업인수목적3호,2016,0
00297165,현대오토넷,2018,0
01854408,신한제15호스팩,2016,0
00400060,이씨에스,2022,0
00108977,대구백화점,2016,0
00370547,네오리소스,2025,0
00428729,대호에이엘,2017,0
00145862,인천도시가스,2022,0
01109715,DSC인베스트먼트,2019,0
00177870,대창솔루션,2023,0
01513404,하나머스트7호기업인수목적,2019,0
01507722,켈스,2021,0
00144243,유니슨,2022,0
00117726,DYP,2022,0
00178754,동아지질,2018,0
00883980,아이디스,2022,0
00533757,아시아퍼시픽13호선박투자회사,2023,0
00256502,에이텍,2017,0
00167192,넥센,2021,0
00275710,써미트테크놀로지,2018,0
01118643,솔루믹스,2024,0
00576798,디아이티,2023,0
00870065,쓰리에이로직스,2017,0
00186717,태양,2016,0
00131832,SK디스커버리,2019,0
00120562,롯데지주,2021,0
00663289,위월드,2020,0
00141556,오로라,2023,0
00583026,멤레이비티,2019,0
00269922,인바디,2015,0
00103130,플레이그램,2019,0
01636565,루미르,2019,0
01042085,엑셈,2024,0
00116824,동아쏘시오홀딩스,2024,0
00133089,성원,2025,0
00110495,대성합동지주,2022,0
01784914,클로봇,2017,0
00114154,디와이덕양,2022,0
00142713,형지I&C,2023,0
00819073,인크로스,2022,0
00140061,티케이지애강,2020,0
01011438,에이치엘사이언스,2020,0
00911955,잇츠한불,2023,0
00776820,영원무역,2023,0
00204642,티비씨,2021,0
00240857,바이오스마트,2022,0
00158501,에스원,2020,0
01109070,비피도,2018,0
01082348,오스테오닉,2018,0
01792825,대신밸런스제17호스팩,2024,0
00254009,지디코프,2021,0
01325979,세아제강,2018,0
01860010,오션스바이오,2021,0
00123772,부국증권,2015,0
00156600,한주라이트메탈,2020,0
00348007,야호커뮤니케이션,2022,0
00101664,경보제약,2021,0
00264811,에이프로테크놀로지,2021,0
00141404,블루산업개발,2025,0
00687711,한국철강,2025,0
00167004,흥구석유,2017,0
00595182,아톤,2022,0
00136776,차AI헬스케어,2015,0
00106614,기신정기,2017,0
01563922,엠오티,2023,0
00587925,모아라이프플러스,2024,0
00126186,삼성에스디에스,2020,0
00114792,동국홀딩스,2016,0
00340272,에스폴리텍,2022,0
00838005,서진시스템,2016,0
00930321,하이골드오션8호국제선박투자회사,2023,0
00118965,티에이치엔,2022,0
00211271,제넥셀세인,2015,0
00173999,유성티엔에스,2017,0
00966168,디알젬,2021,0
01168684,스튜디오드래곤,2025,0
00252393,예당컴퍼니,2017,0
00116949,DN오토모티브,2016,0
00198697,일진디스플,2022,0
00599285,서플러스글로벌,2019,0
00828789,대성산업,2020,0
00150855,진흥저축은행,2024,0
01243161,인산가,2021,0
00124151,부산주공,2025,0
01267222,에피소드컴퍼니,2016,0
00107987,남해화학,2020,0
00158149,한국쉘석유,2025,0
00222532,LG헬로비전,2023,0
00557058,동북아28호선박투자회사,2021,0
00145437,아센디오,2020,0
00220561,광주신세계,2025,0
00106508,기린,2022,0
00697329,거북선4호선박투자회사,2023,0
00799539,제노레이,2015,0
00541349,셀트리온제약,2024,0
00111847,대원강업,2016,0
00369170,인터플렉스,2018,0
00249441,씨씨에스,2025,0
00608316,대한과학,2025,0
00450010,씨티알모빌리티,2019,0
01780608,메쥬,2018,0
00624518,다산솔루에타,2016,0
01011526,엔켐,2021,0
01046391,싸이토젠,2016,0
01217865,프롬바이오,2025,0
00110583,DH오토웨어,2016,0
00113191,코리안리,2022,0
01933981,비엔케이제3호스팩,2017,0
00206084,세아메탈,2019,0
00364111,다이노나,2015,0
00405074,세이프아시아,2015,0
01219155,네오크레마,2020,0
00962922,팬젠,2015,0
01301252,티이엠씨,2019,0
00128175,원익큐브,2020,0
00210856,코아스,2020,0
00939331,한국콜마,2021,0
01405585,윙스풋,2017,0
01137897,에스지에이클라우드서비스,2018,0
00148276,제일기획,2023,0
00258731,현대멀티캡,2021,0
00129350,삼화콘덴서공업,2024,0
00313649,현대바이오,2025,0
00264839,아이비진,2017,0
01366000,태성,2017,0
01233465,동국생명과학,2017,0
00179489,명인제약,2016,0
00121543,무학,2024,0
00124540,대우건설,2021,0
00364227,에너윈,2024,0
01337114,구스앤홈,2025,0
00311270,원텍,2018,0
00535676,테크윙,2022,0
00109286,대동,2024,0
01845534,대신밸런스제19호스팩,2017,0
00648721,SNT에너지,2018,0
00477372,신지소프트,2022,0
00117230,TYM,2025,0
00141246,SGC E&C,2019,0
00147772,정원엔시스,2022,0
01437432,디티앤씨알오,2019,0
00159616,두산에너빌리티,2025,0
00136448,신신제약,2015,0
01544468,이엔셀,2022,0
01137383,카카오게임즈,2019,0
00972503,일진하이솔루스,2025,0
01344202,뷰노,2023,0
00156044,하림홀딩스,2017,0
01046708,바디텍메드,2016,0
00149840,중앙제지,2022,0
00257361,월드텔레콤,2020,0
01158553,켄코아에어로스페이스,2024,0
01058101,라파스,2019,0
00158839,제너비오믹스,2025,0
00153278,서연탑메탈,2021,0
00114765,케이비아이동국실업,2019,0
00852087,시디즈,2022,0
00113359,교보증권,2019,0
00954242,하이골드오션12호국제선박투자회사,2018,0
00110051,에스케이머티리얼즈,2021,0
00371485,켐트로닉스,2022,0
01095892,태경피엔에스,2016,0
00870481,에코캡,2018,0
00198192,한국팩키지,2021,0
00301112,삼화네트웍스,2024,0
00612188,에스티오,2020,0
00250614,삼영엠텍,2024,0
00122694,범양건영,2019,0
00128555,삼천리,2019,0
01061327,클래시스,2015,0
01071041,CJ 바이오사이언스,2025,0
00657224,아이스크림미디어,2021,0
00163178,우리증권,2019,0
00164469,현대하이스코,2015,0
00760971,크래프톤,2024,0
00656340,소프트캠프,2025,0
00293886,위닉스,2015,0
00268181,에스피컴텍,2024,0
01351080,지아이이노베이션,2022,0
00557933,진도,2019,0
01218299,에코아이,2018,0
00111111,대양금속,2024,0
01584934,핑거스토리,2020,0
00763473,코스메카코리아,2018,0
01169434,오가닉티코스메틱,2025,0
00259545,엠에스오토텍,2018,0
01453670,휴럼,2024,0
00825223,화신정공,2019,0
00318839,미래에셋새천년코리아벤처펀드일호,2025,0
00247939,씨모스,2025,0
01109539,와이씨,2025,0
00134510,SJG세종,2017,0
00306454,한국정보인증,2025,0
01495180,파로스아이바이오,2016,0
00169048,HLB글로벌,2025,0
00785475,원익피앤이,2025,0
00418379,자연과환경,2015,0
00472890,동국알앤에스,2019,0
00226547,오상자이엘,2022,0
00159926,포스코티엠씨,2015,0
00453442,해성에어로보틱스,2024,0
00234555,씨엔씨엔터프라이즈,2020,0
00114093,덕성,2017,0
00140964,영원무역홀딩스,2016,0
00133618,세기상사,2019,0
01301623,비씨엔씨,2020,0
00121039,명문제약,2021,0
00486875,우양,2017,0
01513699,포바이포,2018,0
00138321,신한투자증권,2017,0
01085187,씨알푸드,2023,0
00548519,큐러블,2020,0
01368354,네패스아크,2023,0
01194607,비츠로넥스텍,2023,0
00127954,CJ프레시웨이,2019,0
00132725,SB성보,2017,0
01065679,이노인스트루먼트,2019,0
00367400,모티브링크,2022,0
01105153,두산로보틱스,2019,0
00525934,LX세미콘,2020,0
01688568,프로티나,2016,0
01134216,트루엔,2022,0
00153621,참엔지니어링,2016,0
00135050,팜젠사이언스,2017,0
01110182,SCL사이언스,2018,0
00259439,지아이바이오,2025,0
01179866,에스지헬스케어,2025,0
00913689,세경하이테크,2021,0
00788737,이퓨쳐,2023,0
00832700,에이펙스인텍,2020,0
01010642,지씨셀,2016,0
00877059,삼성바이오로직스,2021,0
00296290,키움증권,2015,0
00117188,효성,2019,0
00173351,삼진,2023,0
00165200,위너스인프라인,2016,0
00149594,한국캐피탈,2022,0
00148939,조광피혁,2020,0
00248974,하나제약,2025,0
00226316,호전실업,2025,0
00350738,제네시스디벨롭먼트홀딩스,2019,0
00113410,CJ대한통운,2024,0
01399071,고바이오랩,2021,0
00791209,메타케어,2025,0
01365384,이성씨엔아이,2020,0
00104810,소노스퀘어,2016,0
01781847,교보15호스팩,2025,0
01489648,솔브레인,2018,0
00359261,빛샘전자,2022,0
01008762,데브시스터즈,2015,0
00128661,에스에이엠티,2024,0
01010110,더블유게임즈,2023,0
00265263,토자이홀딩스,2020,0
00223434,에프에스티,2024,0
00260903,쓰리소프트,2018,0
00113225,대한제강,2025,0
00111458,대영포장,2016,0
00247975,솔브레인홀딩스,2025,0
00381756,티씨머티리얼즈,2022,0
01436628,이지스레지던스리츠,2019,0
00117072,동양건설산업,2025,0
00435969,인피니트헬스케어,2021,0
00683061,한라캐스트,2016,0
00303217,우진플라임,2017,0
00309983,하이콤정보통신,2015,0
01074862,메가스터디교육,2015,0
00161125,한온시스템,2019,0
00107923,남한제지,2022,0
00109268,대동스틸,2016,0
00273615,비케이탑스,2016,0
00270432,티브로드한빛방송,2018,0
00557049,동북아29호선박투자회사,2023,0
00158015,한국선재,2017,0
00166227,화승인더스트리,2021,0
00138729,아세아제지,2022,0
00165060,하이록코리아,2020,0
00317089,한국애보트진단,2025,0
00964595,엔바이오니아,2023,0
00330017,레이더스컴퍼니,2021,0
00260392,대원전선,2024,0
00268011,일레덱스홀딩스,2017,0
00267979,한일화학,2021,0
00125576,체시스,2025,0
01669226,한화리츠,2016,0
00250137,와이어블,2022,0
00184667,유진기업,2024,0
00149345,조흥,2021,0
01073678,얼라인드,2019,0
00335924,지앤디윈텍,2015,0
00762377,씨앗,2020,0
00131692,서흥,2018,0
00136402,신송홀딩스,2022,0
01032486,두산밥캣,2022,0
00229021,인성정보,2018,0
01136001,나노실리칸첨단소재,2020,0
00117498,스틱인베스트먼트,2016,0
00409964,하이텍팜,2025,0
00155319,POSCO홀딩스,2020,0
00579379,금강제강,2023,0
01534577,청담글로벌,2025,0
01169498,젬,2020,0
00435297,맥쿼리인프라,2015,0
00127042,SYTS,2021,0
00129271,삼화전기,2019,0
00131850,SK증권,2018,0
00578130,아퓨어스,2016,0
00353878,다스코,2022,0
00152260,카스,2016,0
00411048,에스앤에스텍,2025,0
00164308,이마트에브리데이,2018,0
00148522,퍼스텍,2025,0
00136086,무림페이퍼,2025,0
00344287,에이치디현대인프라코어,2024,0
00296263,YW,2015,0
00181943,에스제이엠홀딩스,2015,0
01505186,하이딥,2020,0
00671376,트리니티항공,2018,0
00114826,제일창업투자,2017,0
00113632,아이디에이치,2024,0
00239514,삼진엘앤디,2018,0
00156150,엑시큐어하이트론,2016,0
00104537,국영지앤엠,2023,0
01882845,GS피앤엘,2018,0
00573269,에스코넥,2024,0
00297934,피씨디렉트,2018,0
00473400,한컴지엠디,2018,0
01153105,비비씨,2020,0
00118008,동원금속,2017,0
01853214,신한제14호스팩,2024,0
00150828,진흥기업,2015,0
01565364,폴레드,2019,0
01781999,에임드바이오,2017,0
00295547,디지아이,2017,0
00131018,서울제약,2023,0
00300256,시큐어소프트,2019,0
01593668,센서뷰,2017,0
01963140,신한제18호스팩,2016,0
00936787,애경케미칼,2025,0
01231786,엑스페릭스,2015,0
00453929,메디포스트,2017,0
00238199,로지시스,2015,0
00527002,화인써키트,2020,0
01867758,한화비전,2018,0
00120100,LG석유화학,2024,0
00201131,아즈텍WB,2020,0
00589127,KEC,2015,0
00174004,유성기업,2017,0
00307222,YBM넷,2019,0
01060814,삼양패키징,2015,0
00133928,세신,2017,0
01514005,크라우드웍스,2021,0
01797440,SK증권제11호스팩,2023,0
00410997,누리플랜,2016,0
01114559,씨엔티드림,2016,0
01335578,애니플러스,2022,0
00910947,바다로19호선박투자회사,2022,0
00111591,인터피온반도체,2020,0
00160302,코스모화학,2023,0
00117708,리드코프,2024,0
00241005,코오롱이앤피,2016,0
00393618,제노텍,2022,0
01326224,원바이오젠,2023,0
00331733,포휴먼,2018,0
00156895,아주IB투자,2024,0
01262032,롯데이노베이트,2015,0
00113562,롯데손해보험,2025,0
00159564,한국주강,2023,0
00197759,미래산업,2019,0
00543107,오킨스전자,2022,0
00361202,이노블루,2025,0
00263955,트래픽아이티에스,2015,0
00295875,더존디지털웨어,2015,0
01528141,LS머트리얼즈,2022,0
01181807,형지글로벌,2021,0
00145163,파미셀,2021,0
00248406,화림모드,2025,0
00837680,거북선7호선박투자회사,2016,0
00138747,아세아텍,2022,0
01023211,와이제이링크,2022,0
00274933,신세계푸드,2016,0
00483735,해성옵틱스,2016,0
00787376,대성에너지,2020,0
01021949,덱스터,2024,0
01265251,압타머사이언스,2017,0
01810796,케이비제28호기업인수목적,2016,0
00138057,써니전자,2017,0
00163761,한창제지,2019,0
00119007,무림P&P,2024,0
00804114,대신증권그로쓰알파기업인수목적,2025,0
00160612,한화화인케미칼,2024,0
01587056,엔젯,2023,0
00769158,케이엔제이,2020,0
00595243,엔스퍼트,2021,0
01872893,에이엠시지,2024,0
00255275,HB테크놀러지,2023,0
01803927,에이유브랜즈,2019,0
00449254,쎄트렉아이,2022,0
00133706,한국제지,2023,0
00265041,삼양케이씨아이,2024,0
00249247,YG PLUS,2021,0
00359094,더체인지,2016,0
01187494,덴티스,2016,0
00129411,삼환기업,2025,0
00812229,에스비아이앤솔로몬드림기업인수목적,2025,0
00164706,현대약품,2023,0
00167208,흥아해운,2018,0
01386916,SK아이이테크놀로지,2021,0
00439965,나노신소재,2022,0
00173740,신한,2018,0
01236897,제일약품,2021,0
00117212,두산,2020,0
00125938,삼보판지,2022,0
00162416,한양증권,2021,0
00128731,유리이에스,2021,0
00264769,포이보스,2016,0
00983934,아이스크림에듀,2020,0
00923516,메가터치,2021,0
01854392,유진스팩11호,2020,0
00992871,종근당,2025,0
00160010,한국큐빅,2019,0
00149239,조일알미늄,2020,0
01814312,한국제14호기업인수목적,2017,0
01139266,로스웰,2025,0
00624998,제닉,2022,0
01965698,엔에이치스팩33호,2016,0
00121288,모나미,2016,0
00878696,에스케이바이오팜,2016,0
00178851,동양에스텍,2016,0
00146436,엔브이에이치코리아,2021,0
00120076,LX인터내셔널,2016,0
01217829,엔에프씨,2020,0
00407285,아이컴포넌트,2017,0
00186559,아이티센씨티에스,2023,0
00104704,한국저축은행,2015,0
00186939,특수건설,2024,0
00115065,동남합성,2023,0
00101549,경동제약,2023,0
00260693,평안물산,2020,0
01047415,정다운,2025,0
00366942,미코,2016,0
00115038,하나IB증권,2021,0
01267550,나라소프트,2020,0
00121251,네오퍼플,2025,0
00181712,SK,2021,0
00520887,비상교육,2015,0
00106395,금호전기,2019,0
00764807,골프존클라우드,2024,0
00107358,일공공일안경콘택트,2019,0
00506294,가비아,2020,0
00144164,SK가스,2016,0
01159233,솔루엠,2024,0
00963976,SG,2023,0
01957909,삼성스팩13호,2018,0
00245472,티씨케이,2017,0
00101275,경남모직,2025,0
00125628,삼목강업,2022,0
00105855,엘에스일렉트릭,2018,0
01458161,티엑스알로보틱스,2016,0
01142260,에스엠씨지,2020,0
00650771,하이젠알앤엠,2023,0
00410915,서울옥션,2020,0
00500254,GS,2016,0
01014718,제노코,2019,0
00163345,DB,2024,0
00170451,외환신용카드,2018,0
01316245,효성중공업,2021,0
00161462,에이티넘인베스트,2023,0
01416235,고스트스튜디오,2024,0
00117382,디와이홀딩스,2024,0
00150165,브이티,2025,0
01430475,코람코라이프인프라리츠,2025,0
00258689,JYP Ent.,2023,0
00144562,유성티에스아이,2015,0
01072518,디피코,2024,0
01445024,한패스,2025,0
00176516,금화피에스시,2019,0
00626710,한국월드와이드베트남부동산개발특별자산1호투자회사,2015,0
01592049,엔젤로보틱스,2017,0
00451116,아이레보,2019,0
00604028,피코그램,2019,0
01875146,신한제16호스팩,2020,0
00105156,극동유화,2020,0
00578538,티피씨글로벌,2015,0
00314000,클라스타,2017,0
00524421,테스,2017,0
00415594,동국S&C,2024,0
00523936,HB솔루션,2025,0
01199189,이랜시스,2021,0
01212383,엔케이맥스,2016,0
00367871,인바이오,2017,0
00815369,에스제이엠,2025,0
01492651,큐로셀,2015,0
01408999,웨이버스,2016,0
01256864,에이비엘바이오,2023,0
00405719,아이크래프트,2018,0
00610861,코스텍시스템,2021,0
00351418,코리아오토글라스,2021,0
00486097,KT나스미디어,2022,0
00441298,디보스,2020,0
00145686,이화산업,2017,0
00413046,셀트리온,2020,0
01022142,엠디바이스,2019,0
00137207,유니켐,2020,0
00963000,썬테크,2024,0
00606664,케이엔더블유,2024,0
00230425,나노엔텍,2016,0
00531829,엠아이텍,2015,0
00154727,에버리소스,2017,0
01299203,그리드위즈,2017,0
00362089,올리브나인,2024,0
00347442,모보,2015,0
00156488,휴스틸,2025,0
00167280,폴루스바이오팜,2016,0
00560849,에스앤디,2019,0
00102113,경인양행,2022,0
00991225,더콘텐츠온,2025,0
00125406,삼도물산,2021,0
00874797,길교이앤씨,2022,0
00152686,코리아써키트,2024,0
01116380,씨앤에스링크,2022,0
00145880,현대제철,2021,0
01101254,케이피항공산업,2019,0
00296069,세라온홀딩스,2018,0
01055317,비엔디생활건강,2023,0
00967778,나이코,2016,0
00115676,KG스틸,2020,0
00200910,아이즈비전,2021,0
00321222,케이디세코,2016,0
00267951,아큐텍,2019,0
00914040,씨엠에스에듀,2025,0
00450728,도움,2025,0
00151298,DSR제강,2024,0
00136341,신성통상,2022,0
00165343,혜인,2023,0
00405959,스타플렉스,2025,0
01601286,미래에셋비전기업인수목적1호,2019,0
00536523,로보스타,2015,0
00128111,포스코엠텍,2018,0
00540641,동양고속,2021,0
00113128,대한약품,2024,0
01101041,패션플랫폼,2015,0
01152470,펄어비스,2015,0
00189343,솔로몬저축은행,2018,0
00154462,아모레퍼시픽홀딩스,2019,0
00527011,엘비루셈,2018,0
00358271,에스에프에이,2017,0
00160205,한국내화,2019,0
00191108,엘앤씨피,2019,0
00416654,유엔젤,2020,0
00575106,씨유테크,2016,0
01428203,케이씨씨글라스,2015,0
00244729,티브로드도봉강북방송,2022,0
00260958,케이티알파,2021,0
00229827,이지클럽,2017,0
01881800,한화플러스제5호스팩,2017,0
01187865,앙츠,2021,0
00202060,구영테크,2023,0
00619640,에코앤드림,2018,0
00108038,엔피씨,2023,0
00122551,백산,2023,0
01872219,유안타제17호스팩,2025,0
00446831,세실,2020,0
00172103,코리아이앤디,2016,0
00540447,유니테스트,2021,0
00141626,오리엔트바이오,2015,0
00829380,피제이메탈,2021,0
00151128,모토닉,2015,0
00161426,한미사이언스,2022,0
00155948,로젠,2016,0
00348292,한빛소프트,2020,0
01226234,와이바이오로직스,2024,0
01115257,시냅스엠,2021,0
00160047,한국앤컴퍼니,2024,0
00505198,동북아5호선박투자회사,2021,0
01546101,아이엠티,2025,0
01128613,화승엔터프라이즈,2021,0
00155531,풍산홀딩스,2019,0
00268020,쏠라엔텍,2016,0
01663569,하스,2021,0
00154693,이레아이엔씨,2015,0
00599595,BGF에코머티리얼즈,2020,0
00110963,대아건설,2017,0
00150439,진양산업,2024,0
00385451,케이에스리소스,2022,0
00666204,제너셈,2020,0
00198572,동양매직,2016,0
00362380,뉴젠비아이티,2021,0
00306870,손오공,2016,0
00989664,코아스템켐온,2018,0
00135917,한화손해보험,2021,0
01258428,프레스티지바이오로직스,2024,0
00373447,서린바이오,2021,0
00149354,종근당홀딩스,2023,0
00298252,엘앤피아너스,2016,0
01363924,한국미라클피플사,2021,0
00115287,동방,2019,0
00228536,현대에버다임,2020,0
01332137,노보믹스,2018,0
01309795,알로이스,2020,0
01818682,한국제15호스팩,2017,0
01573284,코닉오토메이션,2016,0
00123967,부산도시가스,2023,0
00309503,한국항공우주,2025,0
01488320,필에너지,2016,0
00219574,코스맥스비티아이,2023,0
00526465,동북아13호선박투자회사,2023,0
00114808,동국제약,2018,0
01316254,HS효성첨단소재,2020,0
00154055,태원물산,2020,0
00561866,락앤락,2025,0
01571107,오픈엣지테크놀로지,2017,0
00123523,창해에탄올,2018,0
01203312,케이뱅크,2016,0
00453752,제너시스템즈,2017,0
00146269,일신방직,2019,0
00165583,E1,2018,0
00127024,삼양엔텍,2017,0
00103592,광동제약,2024,0
00105952,LS,2017,0
00159023,SK텔레콤,2025,0
00855093,선진,2016,0
01809569,신한제12호스팩,2017,0
00651901,에어부산,2025,0
00876865,네오오토,2022,0
00155452,풍국주정,2022,0
00110547,링세오코리아,2024,0
00148832,제주은행,2024,0
00526872,이수앱지스,2022,0
00208444,피에스케이홀딩스,2025,0
00399773,케이피케미칼,2024,0
00152914,FnC코오롱,2025,0
00139685,양지사,2025,0
00423690,삼성출판사,2024,0
00147949,스마텔,2020,0
00580180,포인트엔지니어링,2025,0
00188122,남산물산,2020,0
00128546,삼천당제약,2017,0
00366137,KG에코솔루션,2022,0
00419989,클루넷,2016,0
00759513,LX하우시스,2022,0
00267942,큐캐피탈,2022,0
01012640,슈어소프트테크,2025,0
00176835,NH농우바이오,2019,0
01063556,질경이,2019,0
00199252,HLB,2024,0
00111014,애큐온저축은행,2015,0
00657987,KX,2020,0
00968607,더본코리아,2023,0
00106492,렉스엘이앤지,2016,0
00877819,데이타솔루션,2019,0
01165155,모비스,2022,0
00678281,에이치앤아이,2022,0
01023318,센코,2015,0
00121534,MH에탄올,2015,0
00364306,성우전자,2020,0
00153852,텔슨정보통신,2019,0
00225706,JW생명과학,2016,0
01135084,에스와이스틸텍,2025,0
00364740,머큐리,2016,0
00528515,한라IMS,2024,0
00255266,쓰리알,2024,0
00428792,제로원인터랙티브,2023,0
00977377,에이비온,2021,0
00207375,대한뉴팜,2022,0
00138260,SIMPAC,2024,0
01194892,알로이스,2023,0
00148328,제일모직,2015,0
01016309,한켐,2022,0
00602136,디와이피엔에프,2024,0
00525864,피앤씨테크,2025,0
00670766,엠엑스온,2018,0
00330406,씨제이엔터테인먼트,2020,0
00109718,사조대림,2024,0
01182240,배럴,2022,0
00871833,에스티팜,2023,0
00275260,엑큐리스,2017,0
00232317,지오엠씨,2015,0
00112998,서울보증보험,2022,0
00613318,와이지엔터테인먼트,2016,0
00347734,진양화학,2020,0
00925295,에프엔씨엔터,2016,0
01764099,링크솔루션,2023,0
00619507,와이씨켐,2025,0
00441304,가온그룹,2017,0
01583652,모니터랩,2015,0
00108649,TPC로보틱스,2018,0
01374717,미트박스,2022,0
00628189,웅진씽크빅,2022,0
01142400,이루다,2023,0
00442835,메타랩스,2023,0
00159412,한국제지,2024,0
00350312,HDC랩스,2017,0
00200798,에이스앤파트너스,2020,0
01352575,바이오텐,2020,0
00109806,삼일씨엔에스,2019,0
00687599,네프로아이티,2021,0
00137252,사조동아원,2021,0
00299464,초록뱀미디어,2020,0
00149947,JW중외제약,2025,0
00103006,고려제강,2024,0
00978075,머니무브,2015,0
00131896,선광,2025,0
00877174,엠브레인,2025,0
01866528,교보17호스팩,2020,0
01235296,셀리드,2016,0
00137359,신풍제약,2020,0
01311055,쿠콘,2016,0
00133557,PN풍년,2023,0
01765256,동국씨엠,2025,0
01906552,엘에스스팩1호,2021,0
00611286,블루탑,2019,0
00796994,조선선재,2019,0
00325981,에프아이투어,2025,0
00356802,큐렉소,2024,0
00350482,성우테크론,2017,0
01336373,메드팩토,2020,0
00246620,케이엘넷,2016,0
00265324,CJ ENM,2024,0
00480367,SK오션플랜트,2025,0
00166573,환인제약,2017,0
01435489,범한퓨얼셀,2020,0
00958451,한선엔지니어링,2019,0
00118266,DRB동일,2025,0
00132114,선진지주,2025,0
00983040,한진칼,2021,0
01724338,하나28호기업인수목적,2017,0
01957282,테라뷰,2024,0
00533793,아시아퍼시픽11호선박투자회사,2016,0
01513440,파이버프로,2019,0
00316488,제이콤,2023,0
01195828,대원모방,2021,0
01060744,한솔제지,2025,0
00231442,디지틀조선,2020,0
01076550,주노콜렉션,2017,0
00317104,라이온켐텍,2025,0
01251595,압타바이오,2025,0
00124805,푸른저축은행,2023,0
00260888,엔써커뮤니티,2016,0
00110608,DSR,2025,0
00208134,KNN,2025,0
00300548,현대리바트,2021,0
00159342,한국정보통신,2023,0
00218575,황금에스티,2020,0
00245694,남화산업,2015,0
01394377,이지스밸류플러스리츠,2020,0
00258360,위지트,2019,0
00121932,미원상사,2017,0
00308948,미디어코프,2018,0
00481676,세미텍,2020,0
00130772,SBS,2022,0
01429840,아이티아이즈,2018,0
01989041,메리츠제2호스팩,2018,0
00683007,엑스큐어,2017,0
00269612,파워로직스,2017,0
00138598,아비코전자,2016,0
00164812,현대코퍼레이션,2019,0
00117629,KBI동양철관,2016,0
01596425,SK스퀘어,2023,0
00301486,에피밸리,2023,0
00138224,쌍용씨앤이,2023,0
01605529,버넥트,2015,0
01080687,아우딘퓨쳐스,2025,0
00130897,하나은행,2020,0
00761952,아나패스,2024,0
01703849,노머스,2017,0
00173324,경윤하이드로에너지,2024,0
00132628,성문전자,2021,0
00118026,동원산업,2017,0
00159971,KC그린홀딩스,2017,0
00425351,멀티캠퍼스,2017,0
01119217,본느,2024,0
00909835,차이커뮤니케이션,2017,0
00185222,크린앤사이언스,2022,0
00414540,대주이엔티,2015,0
00204208,마니커,2021,0
00200956,현대정보기술,2020,0
00876166,KBG,2025,0
00260921,아이엠아이티,2018,0
00591441,어보브반도체,2022,0
01336461,뉴로메카,2024,0
00264732,파인디지털,2019,0
00143794,원림,2022,0
00568461,HC보광산업,2018,0
01020269,탈로스,2023,0
00580603,코리아퍼시픽01호선박투자회사,2018,0
00611736,엑시콘,2019,0
00327819,선익시스템,2022,0
00157104,대동전자,2018,0
01622720,KB스타리츠,2020,0
00227333,네패스,2025,0
00102353,경창산업,2024,0
00121969,에쓰씨엔지니어링,2022,0
00445841,MDS테크,2022,0
00273439,메디아나,2019,0
00488244,원일티엔아이,2021,0
01787072,유진스팩10호,2023,0
00251190,글로웍스,2023,0
00164788,현대모비스,2021,0
01063963,유쎌,2017,0
00447007,알리코제약,2018,0
00147994,새로닉스,2024,0
00370255,테크엘,2017,0
00638487,파수AI,2019,0
01817610,대신밸런스제18호기업인수목적,2015,0
00204226,소프트센,2025,0
01185566,휴엠앤씨,2022,0
01412822,솔루스첨단소재,2020,0
00129679,녹십자,2023,0
01011368,에이치브이엠,2016,0
00358730,업필,2023,0
00512541,아시아퍼시픽6호선박투자회사,2016,0
00423177,텔레칩스,2019,0
00842619,리가켐바이오,2016,0
00536286,윈팩,2017,0
01214743,더네이쳐홀딩스,2019,0
00536541,에코프로,2022,0
00355821,씨티엘테크,2023,0
00344746,유티엑스,2017,0
00117300,TCC스틸,2021,0
00325918,케이엔티,2016,0
01804476,유안타제16호스팩,2018,0
01344363,다원넥스뷰,2022,0
01480780,NH올원리츠,2020,0
00127255,삼영,2015,0
01276026,지놈앤컴퍼니,2021,0
00173078,명신산업,2015,0
00148717,도레이케미칼,2021,0
00106641,기아,2023,0
00126414,삼성제약,2020,0
00572905,ISC,2018,0
00230911,HRS,2021,0
01638387,케이지에이,2016,0
00835734,피엠디아카데미,2020,0
00363033,한도하이테크,2018,0
00238913,선우중공업,2015,0
01279698,채비,2020,0
00657783,모델솔루션,2016,0
00363592,한컴위드,2025,0
00104856,삼성증권,2020,0
01135941,원익IPS,2017,0
00375931,인선이엔티,2017,0
01946532,삼성스팩12호,2015,0
00370006,iMBC,2019,0
00114686,동구바이오제약,2022,0
00127158,씨아이테크,2017,0
01144569,피엔티엠에스,2022,0
00351427,와이즈넛,2022,0
01018617,메디쎄이,2024,0
00367385,효성오앤비,2015,0
00957735,클리오,2016,0
00398534,코크렙제1호기업구조조정부동산투자회사,2015,0
00109037,대성창투,2019,0
00149804,디와이에이,2018,0
01341630,이노에이엑스,2017,0
01016886,테크엔,2023,0
00160232,KSS해운,2024,0
01141599,아리바이오LAB,2023,0
00329084,비엔디,2021,0
00116268,동성제약,2016,0
00126955,삼양식품,2019,0
01519790,엠앤씨솔루션,2018,0
00360595,현대글로비스,2019,0
01156795,프로젠,2016,0
00580630,코리아퍼시픽04호선박투자회사,2015,0
00231372,롯데관광개발,2018,0
01390344,HD현대중공업,2021,0
00800084,씨엑스아이,2025,0
00299844,미래반도체,2024,0
00602279,그린플러스,2022,0
00521433,엔지브이아이,2016,0
00159908,케이엠에이치,2016,0
00129280,삼화전자공업,2022,0
00238782,다우데이타,2024,0
00491053,진바이오텍,2023,0
00367710,동인기연,2015,0
00530185,이엔에프테크놀로지,2025,0
00103121,세븐코스프,2023,0
00166500,화천기계,2024,0
00557508,GKL,2018,0
00359641,현대푸드시스템,2017,0
00115931,디오,2019,0
01588189,씨메스로보틱스,2021,0
00225140,쌈지,2015,0
00568188,마이크로컨텍솔,2024,0
00109161,태경케미컬,2020,0
00961507,케일럼,2018,0
00990819,아티스트스튜디오,2024,0
01370863,그린리소스,2021,0
00135795,신도리코,2017,0
01559637,블루엠텍,2025,0
00563147,에스에이티,2025,0
00409788,비에이치아이,2016,0
00384887,에이테크솔루션,2023,0
00172680,동국산업,2020,0
00165103,푸드웰,2016,0
00874168,싸이닉솔루션,2023,0
01566248,에코프로에이치엔,2023,0
00101488,경동나비엔,2023,0
01095397,줌인터넷,2023,0
00356644,엠텍반도체,2023,0
01579020,아이엠지티,2015,0
00759294,와이솔,2021,0
01305249,스톤브릿지벤처스,2022,0
00671978,그리티,2015,0
01316236,효성화학,2025,0
00228916,디패션,2021,0
00358545,동서정보기술,2020,0
00107598,남양유업,2019,0
01516456,인벤티지랩,2015,0
00268297,에코페트로시스템,2020,0
00132804,성신양회,2016,0
01784677,키움히어로제1호스팩,2020,0
01515323,LG에너지솔루션,2018,0
01658831,오름테라퓨틱,2025,0
00392691,포니링크,2025,0
01807738,하나32호스팩,2016,0
00296078,APS,2024,0
00929778,배터리솔루션즈,2020,0
00238153,파세코,2017,0
00563545,두산테스나,2015,0
01217014,트윔,2020,0
00875237,씨앤투스,2023,0
00656951,현대이지웰,2020,0
00165361,휴코드홀딩스,2025,0
00300566,엔빅스,2017,0
01288827,HPSP,2025,0
